{
  "numEnsembles": 8,
  "ensembleSize": 15,
  "topEnsembles": [
    {
      "config": {
        "id": 24,
        "name": "Ensemble-4-Oracle",
        "size": 15,
        "strategy": "Oracle",
        "memberIds": [
          60,
          61,
          62,
          63,
          64,
          65,
          66,
          67,
          68,
          69,
          70,
          71,
          72,
          73,
          74
        ]
      },
      "tasksSolved": 2,
      "solvedTaskIds": [
        "8597cfd7",
        "642d658d"
      ],
      "avgAccuracy": 51.963256972326015,
      "memberSolved": [
        0,
        1,
        1,
        1,
        1,
        1,
        1,
        1,
        1,
        1,
        1,
        0,
        1,
        1,
        1
      ],
      "fusionBonus": 1,
      "synergyScore": 2,
      "coverageRate": 67.13596914175506,
      "uniqueSpecies": 8,
      "uniqueCombineModes": 4
    },
    {
      "config": {
        "id": 39,
        "name": "Ensemble-7-Oracle",
        "size": 15,
        "strategy": "Oracle",
        "memberIds": [
          105,
          106,
          107,
          108,
          109,
          110,
          111,
          112,
          113,
          114,
          115,
          116,
          117,
          118,
          119
        ]
      },
      "tasksSolved": 2,
      "solvedTaskIds": [
        "8597cfd7",
        "642d658d"
      ],
      "avgAccuracy": 50.443089130037976,
      "memberSolved": [
        1,
        1,
        1,
        1,
        1,
        1,
        1,
        1,
        1,
        1,
        1,
        1,
        1,
        1,
        0
      ],
      "fusionBonus": 1,
      "synergyScore": 2,
      "coverageRate": 73.98568745876263,
      "uniqueSpecies": 8,
      "uniqueCombineModes": 4
    },
    {
      "config": {
        "id": 38,
        "name": "Ensemble-7-Cascade",
        "size": 15,
        "strategy": "Cascade",
        "memberIds": [
          105,
          106,
          107,
          108,
          109,
          110,
          111,
          112,
          113,
          114,
          115,
          116,
          117,
          118,
          119
        ]
      },
      "tasksSolved": 2,
      "solvedTaskIds": [
        "8597cfd7",
        "642d658d"
      ],
      "avgAccuracy": 40.672096609197865,
      "memberSolved": [
        1,
        1,
        1,
        1,
        1,
        1,
        1,
        1,
        1,
        1,
        1,
        1,
        1,
        1,
        0
      ],
      "fusionBonus": 1,
      "synergyScore": 2,
      "coverageRate": 74.00192864030858,
      "uniqueSpecies": 8,
      "uniqueCombineModes": 4
    },
    {
      "config": {
        "id": 37,
        "name": "Ensemble-7-Weighted",
        "size": 15,
        "strategy": "Weighted",
        "memberIds": [
          105,
          106,
          107,
          108,
          109,
          110,
          111,
          112,
          113,
          114,
          115,
          116,
          117,
          118,
          119
        ]
      },
      "tasksSolved": 2,
      "solvedTaskIds": [
        "8597cfd7",
        "642d658d"
      ],
      "avgAccuracy": 40.51617694002686,
      "memberSolved": [
        1,
        1,
        1,
        1,
        1,
        1,
        1,
        1,
        1,
        1,
        1,
        1,
        1,
        1,
        0
      ],
      "fusionBonus": 1,
      "synergyScore": 2,
      "coverageRate": 74.14911434806882,
      "uniqueSpecies": 8,
      "uniqueCombineModes": 4
    },
    {
      "config": {
        "id": 30,
        "name": "Ensemble-6-Vote",
        "size": 15,
        "strategy": "Vote",
        "memberIds": [
          90,
          91,
          92,
          93,
          94,
          95,
          96,
          97,
          98,
          99,
          100,
          101,
          102,
          103,
          104
        ]
      },
      "tasksSolved": 1,
      "solvedTaskIds": [
        "642d658d"
      ],
      "avgAccuracy": 48.57939769328387,
      "memberSolved": [
        1,
        1,
        1,
        1,
        1,
        1,
        1,
        1,
        0,
        1,
        1,
        1,
        0,
        1,
        1
      ],
      "fusionBonus": 0,
      "synergyScore": 1,
      "coverageRate": 71.56676648226158,
      "uniqueSpecies": 7,
      "uniqueCombineModes": 3
    },
    {
      "config": {
        "id": 29,
        "name": "Ensemble-5-Oracle",
        "size": 15,
        "strategy": "Oracle",
        "memberIds": [
          75,
          76,
          77,
          78,
          79,
          80,
          81,
          82,
          83,
          84,
          85,
          86,
          87,
          88,
          89
        ]
      },
      "tasksSolved": 1,
      "solvedTaskIds": [
        "642d658d"
      ],
      "avgAccuracy": 50.46892828852894,
      "memberSolved": [
        1,
        1,
        0,
        1,
        1,
        1,
        1,
        1,
        1,
        1,
        0,
        0,
        1,
        1,
        1
      ],
      "fusionBonus": 0,
      "synergyScore": 1,
      "coverageRate": 75.14388671775872,
      "uniqueSpecies": 6,
      "uniqueCombineModes": 4
    },
    {
      "config": {
        "id": 6,
        "name": "Ensemble-1-Average",
        "size": 15,
        "strategy": "Average",
        "memberIds": [
          15,
          16,
          17,
          18,
          19,
          20,
          21,
          22,
          23,
          24,
          25,
          26,
          27,
          28,
          29
        ]
      },
      "tasksSolved": 1,
      "solvedTaskIds": [
        "642d658d"
      ],
      "avgAccuracy": 10.735890382508998,
      "memberSolved": [
        0,
        0,
        1,
        0,
        1,
        0,
        0,
        1,
        1,
        1,
        0,
        1,
        1,
        1,
        1
      ],
      "fusionBonus": 0,
      "synergyScore": 1,
      "coverageRate": 74.49322438207379,
      "uniqueSpecies": 7,
      "uniqueCombineModes": 4
    },
    {
      "config": {
        "id": 35,
        "name": "Ensemble-7-Vote",
        "size": 15,
        "strategy": "Vote",
        "memberIds": [
          105,
          106,
          107,
          108,
          109,
          110,
          111,
          112,
          113,
          114,
          115,
          116,
          117,
          118,
          119
        ]
      },
      "tasksSolved": 1,
      "solvedTaskIds": [
        "642d658d"
      ],
      "avgAccuracy": 36.862991321057144,
      "memberSolved": [
        1,
        1,
        1,
        1,
        1,
        1,
        1,
        1,
        1,
        1,
        1,
        1,
        1,
        1,
        0
      ],
      "fusionBonus": 0,
      "synergyScore": 1,
      "coverageRate": 73.99279297568899,
      "uniqueSpecies": 8,
      "uniqueCombineModes": 4
    },
    {
      "config": {
        "id": 8,
        "name": "Ensemble-1-Cascade",
        "size": 15,
        "strategy": "Cascade",
        "memberIds": [
          15,
          16,
          17,
          18,
          19,
          20,
          21,
          22,
          23,
          24,
          25,
          26,
          27,
          28,
          29
        ]
      },
      "tasksSolved": 1,
      "solvedTaskIds": [
        "642d658d"
      ],
      "avgAccuracy": 50.878320359403276,
      "memberSolved": [
        0,
        0,
        1,
        0,
        1,
        0,
        0,
        1,
        1,
        1,
        0,
        1,
        1,
        1,
        1
      ],
      "fusionBonus": 0,
      "synergyScore": 1,
      "coverageRate": 74.40186773587779,
      "uniqueSpecies": 7,
      "uniqueCombineModes": 4
    },
    {
      "config": {
        "id": 34,
        "name": "Ensemble-6-Oracle",
        "size": 15,
        "strategy": "Oracle",