{
  "Attn-3L": {
    "NormalBP": {
      "eval_bench": 7.052865612648222,
      "final_eval": 7.052865612648221,
      "final_train": 8.543622990377067,
      "train_time": 19.486538432
    },
    "StepBP": {
      "eval_bench": 7.03522021456804,
      "final_eval": 7.0352202145680405,
      "final_train": 8.54580341308835,
      "train_time": 53.560075849
    },
    "StepTween": {
      "eval_bench": 53.867871259175594,
      "final_eval": 53.8678712591756,
      "final_train": 54.456057214291945,
      "train_time": 45.583419685
    },
    "StepTweenChn": {
      "eval_bench": 7.031691134952005,
      "final_eval": 7.031691134952005,
      "final_train": 8.532720876820653,
      "train_time": 44.990038224
    },
    "Tween": {
      "eval_bench": 52.332721626199884,
      "final_eval": 52.332721626199884,
      "final_train": 52.44788789720034,
      "train_time": 22.296316541
    },
    "TweenChain": {
      "eval_bench": 7.031691134952005,
      "final_eval": 7.031691134952005,
      "final_train": 8.532720876820653,
      "train_time": 17.682803018
    }
  },
  "Attn-5L": {
    "NormalBP": {
      "eval_bench": 7.052865612648222,
      "final_eval": 7.052865612648221,
      "final_train": 8.543622990377067,
      "train_time": 21.475756434
    },
    "StepBP": {
      "eval_bench": 7.03522021456804,
      "final_eval": 7.0352202145680405,
      "final_train": 8.54580341308835,
      "train_time": 92.511513168
    },
    "StepTween": {
      "eval_bench": 53.86845943911161,
      "final_eval": 53.8678712591756,
      "final_train": 54.456057214291945,
      "train_time": 79.614181398
    },
    "StepTweenChn": {
      "eval_bench": 7.031691134952005,
      "final_eval": 7.031691134952005,
      "final_train": 8.532720876820653,
      "train_time": 81.46747018
    },
    "Tween": {
      "eval_bench": 52.0415725578769,
      "final_eval": 52.041572557876904,
      "final_train": 52.08666453469779,
      "train_time": 24.235427716
    },
    "TweenChain": {
      "eval_bench": 7.031691134952005,
      "final_eval": 7.031691134952005,
      "final_train": 8.532720876820653,
      "train_time": 19.453194905
    }
  },
  "Attn-7L": {
    "NormalBP": {
      "eval_bench": 7.052865612648222,
      "final_eval": 7.052865612648221,
      "final_train": 8.543622990377067,
      "train_time": 29.220997947
    },
    "StepBP": {
      "eval_bench": 7.03522021456804,
      "final_eval": 7.0352202145680405,
      "final_train": 8.54580341308835,
      "train_time": 148.05909242
    },
    "StepTween": {
      "eval_bench": 53.867871259175594,
      "final_eval": 53.8678712591756,
      "final_train": 54.456057214291945,
      "train_time": 133.015305268
    },
    "StepTweenChn": {
      "eval_bench": 7.031691134952005,
      "final_eval": 7.031691134952005,
      "final_train": 8.532720876820653,
      "train_time": 135.890476524
    },
    "Tween": {
      "eval_bench": 52.08921513269339,
      "final_eval": 52.08921513269339,
      "final_train": 52.12518533593046,
      "train_time": 33.084664682
    },
    "TweenChain": {
      "eval_bench": 7.031691134952005,
      "final_eval": 7.031691134952005,
      "final_train": 8.532720876820653,
      "train_time": 25.738799559
    }
  },
  "Conv2D-3L": {
    "NormalBP": {
      "eval_bench": 50.90167984189723,
      "final_eval": 50.90167984189723,
      "final_train": 51.04151524842283,
      "train_time": 153.631233288
    },
    "StepBP": {
      "eval_bench": 44.52463297571993,
      "final_eval": 44.52463297571993,
      "final_train": 44.625984824257934,
      "train_time": 378.498590527
    },
    "StepTween": {
      "eval_bench": 52.91501976284585,
      "final_eval": 52.91501976284585,
      "final_train": 53.19359246445911,
      "train_time": 355.501871259
    },
    "StepTweenChn": {
      "eval_bench": 7.065217391304348,
      "final_eval": 7.065217391304348,
      "final_train": 8.522545570834666,
      "train_time": 324.937573166
    },
    "Tween": {
      "eval_bench": 52.925607001693955,
      "final_eval": 52.925607001693955,
      "final_train": 53.19213884931825,
      "train_time": 144.562929024
    },
    "TweenChain": {
      "eval_bench": 7.0440429136081315,
      "final_eval": 7.0440429136081315,
      "final_train": 8.502921766433118,
      "train_time": 125.302741086
    }
  },
  "Conv2D-5L": {
    "NormalBP": {
      "eval_bench": 50.63170525127047,
      "final_eval": 50.63170525127047,
      "final_train": 50.85835974067506,
      "train_time": 170.13503919
    },
    "StepBP": {
      "eval_bench": 33.09747317899492,
      "final_eval": 33.09747317899492,
      "final_train": 33.7914643718929,
      "train_time": 666.848172808
    },
    "StepTween": {
      "eval_bench": 52.742094861660085,
      "final_eval": 52.742094861660085,
      "final_train": 52.992266767450644,
      "train_time": 599.112907289
    },
    "StepTweenChn": {
      "eval_bench": 7.068746470920384,
      "final_eval": 7.068746470920384,
      "final_train": 8.517457917841673,
      "train_time": 590.523415924
    },
    "Tween": {
      "eval_bench": 52.74385940146809,
      "final_eval": 52.74385940146809,
      "final_train": 52.992993575021075,
      "train_time": 168.095294258
    },
    "TweenChain": {
      "eval_bench": 7.088156408808582,
      "final_eval": 7.088156408808582,
      "final_train": 8.526179608686805,
      "train_time": 134.13067654
    }
  },
  "Conv2D-7L": {
    "NormalBP": {
      "eval_bench": 51.79983060417843,
      "final_eval": 51.79983060417843,
      "final_train": 51.965287670436375,
      "train_time": 164.362369398
    },
    "StepBP": {
      "eval_bench": 23.754234895539245,
      "final_eval": 23.754234895539245,
      "final_train": 24.356775300171527,
      "train_time": 839.671692385
    },
    "StepTween": {
      "eval_bench": 52.72974308300396,
      "final_eval": 52.72974308300395,
      "final_train": 53.007529726429624,
      "train_time": 766.644585012
    },
    "StepTweenChn": {
      "eval_bench": 7.03698475437606,
      "final_eval": 7.036984754376059,
      "final_train": 8.508736226996541,
      "train_time": 782.409443007
    },
    "Tween": {
      "eval_bench": 52.726214003387916,
      "final_eval": 52.726214003387916,
      "final_train": 52.984271884175946,
      "train_time": 159.459733058
    },
    "TweenChain": {
      "eval_bench": 7.03522021456804,
      "final_eval": 7.0352202145680405,
      "final_train": 8.550891066081343,
      "train_time": 137.212028962
    }
  },
  "Dense-3L": {
    "NormalBP": {
      "eval_bench": 43.00359966120836,
      "final_eval": 43.003599661208355,
      "final_train": 42.00293630258452,
      "train_time": 24.479401561
    },
    "StepBP": {
      "eval_bench": 28.14970355731226,
      "final_eval": 28.149703557312257,
      "final_train": 27.851992906358113,
      "train_time": 71.110129152
    },
    "StepTween": {
      "eval_bench": 52.922077922077925,
      "final_eval": 52.922077922077925,
      "final_train": 53.20086054016338,
      "train_time": 60.111403306
    },
    "StepTweenChn": {
      "eval_bench": 7.1693252399774146,
      "final_eval": 7.1693252399774146,
      "final_train": 9.36055469953775,
      "train_time": 55.721919325
    },
    "Tween": {
      "eval_bench": 52.87443534726143,
      "final_eval": 52.87443534726144,
      "final_train": 53.14198912695874,
      "train_time": 27.729065061
    },
    "TweenChain": {
      "eval_bench": 8.591544325239978,
      "final_eval": 8.591544325239978,
      "final_train": 9.606942465912725,
      "train_time": 21.071277107
    }
  },
  "Dense-5L": {
    "NormalBP": {
      "eval_bench": 43.66353754940712,
      "final_eval": 43.66353754940712,
      "final_train": 42.9274355321685,
      "train_time": 24.148585229
    },
    "StepBP": {
      "eval_bench": 35.74604743083004,
      "final_eval": 35.74604743083004,
      "final_train": 35.75675204232927,
      "train_time": 97.58652245
    },