{
  "accuracy_history": [
    93.20128205128205,
    93.2482905982906,
    93.2482905982906,
    87.66709401709402,
    87.07948717948717,
    86.78333333333333,
    89.23076923076924,
    87.15299145299146,
    87.66709401709402,
    85.182905982906,
    87.01324786324787,
    86.95897435897436,
    87.62264957264956,
    86.37051282051283,
    87.21581196581197,
    86.57307692307693,
    87.73076923076924,
    87.4,
    86.72435897435898,
    89.02649572649572
  ],
  "color_accuracy_history": [
    0.1329198050509526,
    0,
    0,
    1.9494904740806378,
    1.9558199886068737,
    2.329261345654788,
    2.031774162921704,
    2.1583644534464206,
    2.120387366289006,
    3.10146211785556,
    2.810304449648712,
    2.3166023166023164,
    2.379897461864675,
    2.5634533831255144,
    2.329261345654788,
    2.107728337236534,
    1.9937970757642889,
    2.0444331919741754,
    2.430533578074562,
    1.765934552819799
  ],
  "final_accuracy": 89.02649572649572,
  "final_color_accuracy": 1.765934552819799,
  "final_post_rl_color_accuracy": 2.5197379472534855,
  "meta": {
    "architecture": "2x2 Grid Scatter Hive Mind + RL Color Boost",
    "epochs": 20,
    "learning_rate": 0.001,
    "rl_perturb_scale": 0.05,
    "rl_sample_fraction": 0.3,
    "rl_trials": 50,
    "training_mode": "Weighted StepTween + RL",
    "weight_background": 0.1,
    "weight_color": 10
  },
  "post_rl_color_accuracy_history": [
    0.1329198050509526,
    0.13023255813953488,
    2.0497512437810945,
    3.4299623810577566,
    1.96319018404908,
    2.329261345654788,
    3.080745341614907,
    2.1583644534464206,
    4.369230769230769,
    3.824315297261189,
    4.823848238482385,
    2.83337665713543,
    3.854603555022968,
    3.7506745817593092,
    3.1013615733736764,
    3.135665529010239,
    3.378891419893698,
    3.1985142385472556,
    3.143686998120622,
    2.5197379472534855
  ],
  "solved_task_ids": [],
  "tasks_solved": 0,
  "train_time_sec": 192.265431046
}