{
  "Attn-11L": {
    "NormalBP": {
      "eval_bench": 7.086391869000565,
      "final_eval": 7.086391869000565,
      "final_train": 8.534901299531935,
      "train_time": 24.89737422
    },
    "StepBP": {
      "eval_bench": 7.075804630152457,
      "final_eval": 7.075804630152456,
      "final_train": 8.537081722243219,
      "train_time": 199.801509033
    },
    "StepTween": {
      "eval_bench": 53.867871259175594,
      "final_eval": 53.8678712591756,
      "final_train": 54.456057214291945,
      "train_time": 181.869659011
    },
    "StepTweenChn": {
      "eval_bench": 7.086391869000565,
      "final_eval": 7.086391869000565,
      "final_train": 8.534901299531935,
      "train_time": 186.473009099
    },
    "Tween": {
      "eval_bench": 52.332721626199884,
      "final_eval": 52.332721626199884,
      "final_train": 52.44788789720034,
      "train_time": 27.478280112
    },
    "TweenChain": {
      "eval_bench": 7.086391869000565,
      "final_eval": 7.086391869000565,
      "final_train": 8.534901299531935,
      "train_time": 21.626433528
    }
  },
  "Attn-13L": {
    "NormalBP": {
      "eval_bench": 7.086391869000565,
      "final_eval": 7.086391869000565,
      "final_train": 8.534901299531935,
      "train_time": 26.549410708
    },
    "StepBP": {
      "eval_bench": 7.075804630152457,
      "final_eval": 7.075804630152456,
      "final_train": 8.537081722243219,
      "train_time": 247.978914124
    },
    "StepTween": {
      "eval_bench": 53.867871259175594,
      "final_eval": 53.8678712591756,
      "final_train": 54.456057214291945,
      "train_time": 228.192190762
    },
    "StepTweenChn": {
      "eval_bench": 7.086391869000565,
      "final_eval": 7.086391869000565,
      "final_train": 8.534901299531935,
      "train_time": 233.291715632
    },
    "Tween": {
      "eval_bench": 52.64857425183512,
      "final_eval": 52.64857425183512,
      "final_train": 52.863621827484955,
      "train_time": 29.518510983
    },
    "TweenChain": {
      "eval_bench": 7.086391869000565,
      "final_eval": 7.086391869000565,
      "final_train": 8.534901299531935,
      "train_time": 22.947074728
    }
  },
  "Attn-9L": {
    "NormalBP": {
      "eval_bench": 7.086391869000565,
      "final_eval": 7.086391869000565,
      "final_train": 8.534901299531935,
      "train_time": 23.125797747
    },
    "StepBP": {
      "eval_bench": 7.075804630152457,
      "final_eval": 7.075804630152456,
      "final_train": 8.537081722243219,
      "train_time": 155.752539922
    },
    "StepTween": {
      "eval_bench": 53.867871259175594,
      "final_eval": 53.8678712591756,
      "final_train": 54.456057214291945,
      "train_time": 139.799768699
    },
    "StepTweenChn": {
      "eval_bench": 7.086391869000565,
      "final_eval": 7.086391869000565,
      "final_train": 8.534901299531935,
      "train_time": 143.977864391
    },
    "Tween": {
      "eval_bench": 52.40506775832862,
      "final_eval": 52.40506775832863,
      "final_train": 52.54091926621508,
      "train_time": 25.948670903
    },
    "TweenChain": {
      "eval_bench": 7.086391869000565,
      "final_eval": 7.086391869000565,
      "final_train": 8.534901299531935,
      "train_time": 20.189104192
    }
  },
  "Conv2D-11L": {
    "NormalBP": {
      "eval_bench": 46.73560135516657,
      "final_eval": 46.73560135516657,
      "final_train": 46.974300084309675,
      "train_time": 156.658297332
    },
    "StepBP": {
      "eval_bench": 37.98524844720497,
      "final_eval": 37.98524844720497,
      "final_train": 38.25406285431869,
      "train_time": 1148.771721862
    },
    "StepTween": {
      "eval_bench": 52.726214003387916,
      "final_eval": 52.726214003387916,
      "final_train": 52.977003808471665,
      "train_time": 1102.402194766
    },
    "StepTweenChn": {
      "eval_bench": 7.107566346696781,
      "final_eval": 7.107566346696781,
      "final_train": 8.508009419426113,
      "train_time": 1075.382822962
    },
    "Tween": {
      "eval_bench": 52.7738565782044,
      "final_eval": 52.7738565782044,
      "final_train": 52.979184231182956,
      "train_time": 156.855596379
    },
    "TweenChain": {
      "eval_bench": 7.112859966120834,
      "final_eval": 7.112859966120835,
      "final_train": 8.508009419426113,
      "train_time": 122.752551276
    }
  },
  "Conv2D-13L": {
    "NormalBP": {
      "eval_bench": 49.78296160361378,
      "final_eval": 49.78296160361378,
      "final_train": 49.970927697182894,
      "train_time": 153.635461857
    },
    "StepBP": {
      "eval_bench": 42.53599661208357,
      "final_eval": 42.53599661208357,
      "final_train": 42.663604384103266,
      "train_time": 1325.824785873
    },
    "StepTween": {
      "eval_bench": 52.925607001693955,
      "final_eval": 52.925607001693955,
      "final_train": 53.1776026979097,
      "train_time": 1313.558301488
    },
    "StepTweenChn": {
      "eval_bench": 7.116389045736871,
      "final_eval": 7.116389045736872,
      "final_train": 8.53998895252493,
      "train_time": 1271.255842463
    },
    "Tween": {
      "eval_bench": 52.832086391869005,
      "final_eval": 52.832086391869005,
      "final_train": 53.08965898188796,
      "train_time": 155.285359946
    },
    "TweenChain": {
      "eval_bench": 7.082862789384528,
      "final_eval": 7.082862789384528,
      "final_train": 8.502194958862692,
      "train_time": 127.891962406
    }
  },
  "Conv2D-9L": {
    "NormalBP": {
      "eval_bench": 48.93421795595709,
      "final_eval": 48.93421795595709,
      "final_train": 48.57981800738436,
      "train_time": 166.22859091
    },
    "StepBP": {
      "eval_bench": 35.57841614906832,
      "final_eval": 35.57841614906832,
      "final_train": 35.31703346222054,
      "train_time": 948.190481523
    },
    "StepTween": {
      "eval_bench": 52.79679559570864,
      "final_eval": 52.79679559570864,
      "final_train": 53.02133907026776,
      "train_time": 953.642582299
    },
    "StepTweenChn": {
      "eval_bench": 7.082862789384528,
      "final_eval": 7.082862789384528,
      "final_train": 8.503648574003547,
      "train_time": 926.759026862
    },
    "Tween": {
      "eval_bench": 52.76856295878034,
      "final_eval": 52.76856295878035,
      "final_train": 53.00680291885921,
      "train_time": 158.257759023
    },
    "TweenChain": {
      "eval_bench": 7.121682665160926,
      "final_eval": 7.121682665160926,
      "final_train": 8.523999185975521,
      "train_time": 123.298034037
    }
  },
  "Dense-11L": {
    "NormalBP": {
      "eval_bench": 46.39328063241106,
      "final_eval": 46.39328063241106,
      "final_train": 47.491060266883736,
      "train_time": 31.855369788
    },
    "StepBP": {
      "eval_bench": 29.42193675889328,
      "final_eval": 29.42193675889328,
      "final_train": 29.242375788586212,
      "train_time": 267.882256037
    },
    "StepTween": {
      "eval_bench": 53.01383399209485,
      "final_eval": 53.01383399209486,
      "final_train": 53.24301537924819,
      "train_time": 262.627240839
    },
    "StepTweenChn": {
      "eval_bench": 9.2285431959345,
      "final_eval": 9.2285431959345,
      "final_train": 10.281419891269588,
      "train_time": 257.331043517
    },
    "Tween": {
      "eval_bench": 53.05088932806324,
      "final_eval": 53.05088932806324,
      "final_train": 53.29897956217112,
      "train_time": 35.495119203
    },
    "TweenChain": {
      "eval_bench": 9.412055335968379,
      "final_eval": 9.412055335968379,
      "final_train": 10.724772509230455,
      "train_time": 27.55503934
    }
  },
  "Dense-13L": {
    "NormalBP": {
      "eval_bench": 43.50472896668549,
      "final_eval": 43.50472896668549,
      "final_train": 43.91153298252755,
      "train_time": 29.85735972
    },
    "StepBP": {
      "eval_bench": 26.95687464709204,
      "final_eval": 26.95687464709204,
      "final_train": 26.48559467395412,
      "train_time": 301.724314495
    },